Publication Year,Author Full Names,Article Title,Source Title,Publication Date,DOI
2021,"Kolibac, Jiri; Peris, David",A new saproxylic species of Lophocateridae (Coleoptera: Cleroidea) from Upper Cretaceous Kachin amber (Myanmar),CRETACEOUS RESEARCH,JAN,10.1016/j.cretres.2020.104647
2021,"Liu, Guiping; Wang, Xiaoli; Zhuo, De; Chen, Jun","A new non-jumping plant-louse (Hemiptera, Sternorrhyncha, Malmopsyllidae) in mid-Cretaceous Kachin amber, northern Myanmar",CRETACEOUS RESEARCH,AUG,10.1016/j.cretres.2021.104816
2021,"Chen, Jun; Zhang, Haichun; Zheng, Yan; Wang, Xiaoli","The whitefly subfamily Aleurodicinae (Hemiptera, Sternorrhyncha, Aleyrodidae) in mid-Cretaceous Kachin amber, northern Myanmar",CRETACEOUS RESEARCH,FEB,10.1016/j.cretres.2020.104668
2021,"Zheng, Daran",Odonatans in lowermost Cenomanian Kachin amber: updated review and a new hemiphlebiid damselfly,CRETACEOUS RESEARCH,FEB,10.1016/j.cretres.2020.104640
2021,"Chen, Jun; Jiang, Hui; Shang, Tingting; Zhang, Lixia; Zheng, Yan; Zhang, Qianqi; Zhang, Haichun","The second leafhopper of the subfamily Ledrinae (Hemiptera, Cicadellidae) in mid-Cretaceous Burmese amber",CRETACEOUS RESEARCH,JUN,10.1016/j.cretres.2021.104763
2021,"Fu, Yanzhe; Huang, Diying","New mimarachnids in mid-Cretaceous amber from northern Myanmar (Hemiptera, Fulgoromorpha)",CRETACEOUS RESEARCH,MAR,10.1016/j.cretres.2020.104682
2021,"Kobor, Peter; Roca-Cusachs, Marcos",Pseudocaulisoculus longicornis: description of a new yuripopovinid true bug from mid-Cretaceous Burmese amber (Heteroptera: Coreoidea: Yuripopovinidae),CRETACEOUS RESEARCH,SEP,10.1016/j.cretres.2021.104849
2021,"Yin, Zi-Wei; Zhao, Qing-Hao; Cai, Chen-Yang","Megabythinus gen. nov., a new stem-group Pselaphinae from mid-Cretaceous Myanmar amber (Coleoptera, Staphylinidae)",CRETACEOUS RESEARCH,SEP,10.1016/j.cretres.2021.104879
2021,"Fu, Yanzhe; Szwedo, Jacek; Huang, Diying","A new sinoalid froghopper in mid-Cretaceous amber from northern Myanmar (Hemiptera, Cicadomorpha, Sinoalidae)",CRETACEOUS RESEARCH,SEP,10.1016/j.cretres.2021.104841
2021,"Li, Ya; Li, Li-Qin; Feldberg, Kathrin; Wu, Peng-Cheng; Schneider, Harald; Schmidt, Alexander R.; Wang, Yong-Dong","Re-appraisal of two fossil Frullaniaceae species (Marchantiophyta, Porellales) from the mid-Cretaceous Burmese amber",CRETACEOUS RESEARCH,AUG,10.1016/j.cretres.2021.104803
2021,"Xin, Yafei; Jiang, Tongyao; Yao, Zhiyuan; Li, Shuqiang",Three new species of the extinct spider genus Furcembolus (Araneae: Pacullidae) from Late Cretaceous Burmese amber,ZOOTAXA,Jun-10,10.11646/zootaxa.4984.1.19
2021,"Zhang, Sihang; Xie, Sanping; Zhang, Yu; Wang, Bing; Zhang, Peng; Zeng, Xu; Yu, Yang","A new species of dance fly (Diptera, Empidoidea, Atelestidae) from mid-Cretaceous Burmese amber",CRETACEOUS RESEARCH,FEB,10.1016/j.cretres.2020.104660
2021,"Bartel, Christian; Dunlop, Jason A.; Sharma, Prashant P.; Selden, Paul A.; Ren, Dong; Shih, Chungkun",Laniatorean harvestmen (Arachnida: Opiliones) from mid-Cretaceous Burmese amber,CRETACEOUS RESEARCH,MAR,10.1016/j.cretres.2020.104703
2021,"Li, Yan-Da; Huang, Di-Ying; Cai, Chen-Yang",New Genera and Species of the Family Throscidae (Coleoptera: Elateroidea) in Mid-Cretaceous Burmese Amber,INSECTS,JAN,10.3390/insects12010063
2021,"Poinar, George; Brown, Alex E.",A green algae (Chaetophorales: Chaetophoraceae) in Burmese amber,HISTORICAL BIOLOGY,Mar-04,10.1080/08912963.2019.1616719
2021,"Chen, Xin-Yu; Zhang, Hua-Chuan","Eminepygia myanmarensis sp. nov., a new Earwig (Dermaptera) Nymph in Burmese Amber",ZOOTAXA,Apr-12,10.11646/zootaxa.4952.3.9
2021,"Poinar, George; Vega, Fernando E.",Mid-Cretaceous cellular slime mold (Eukarya: Dictyostelia?) in Burmese amber,HISTORICAL BIOLOGY,May-04,10.1080/08912963.2019.1658095
2021,"Luo, Cihang; Wang, Bo; Jarzembowski, Edmund A.",A Bizarre Planthopper Nymph (Hemiptera: Fulgoroidea) from Mid-Cretaceous Kachin Amber,INSECTS,APR,10.3390/insects12040318
2021,"Jouault, Corentin; Nel, Andre",A new genus and species of Aulacidae (Hymenoptera: Evanioidea) from mid-Cretaceous Burmese amber,CRETACEOUS RESEARCH,AUG,10.1016/j.cretres.2021.104799
2021,"Zheng, Yan; Chen, Jun; Zhang, Haichun; Rasnitsyn, Alexandr P.","New angarosphecid wasp (Hymenoptera: Apoidea, Angarosphecidae) from the mid-Cretaceous Burmese amber",CRETACEOUS RESEARCH,MAY,10.1016/j.cretres.2020.104742
2021,"Luo, Cihang; Xu, Chunpeng; Jarzembowski, Edmund A.","Enervipraeala nigra gen. et sp. nov., an umenocoleid dictyopteran (Insecta) from mid-Cretaceous Kachin amber",CRETACEOUS RESEARCH,MAR,10.1016/j.cretres.2020.104702
2021,"Song, Zhi-Shun; Zhang, Chen-Ling; Xi, Hao-Yuan; Szwedo, Jacek; Bourgoin, Thierry","First record of adult Dorytocidae d Dorytocus jiaxiaoae Song, Szwedo & Bourgoin sp. nov. (Hemiptera: Fulgoromorpha: Fulgoroidea) from mid-Cretaceous Kachin amber",CRETACEOUS RESEARCH,SEP,10.1016/j.cretres.2021.104863
2021,"Chen, Hua-yan; van Achterberg, Cornelis; Pang, Hong; Liu, Jing-xian",Three new genera of Braconidae (Hymenoptera) from mid-Cretaceous amber of northern Myanmar,CRETACEOUS RESEARCH,FEB,10.1016/j.cretres.2020.104669
2021,"Kope, Katarzyna; Krzeminski, Wieslaw; Albrycht, Marzena","The oldest representatives of the Pilaria (Diptera, Limoniidae) genus from mid-Cretaceous Burmese amber, northern Myanmar",CRETACEOUS RESEARCH,FEB,10.1016/j.cretres.2020.104671
2021,"LI, YAN-DA; TIHELKA, E. R. I. K.; HUANG, D. I. Y. I. N. G.; CAI, C. H. E. N. Y. A. N. G.","Murcybolus gen. nov., a new net-winged beetle genus from mid-Cretaceous Burmese amber (Coleoptera: Lycidae: Burmolycini)",ZOOTAXA,Apr-30,10.11646/zootaxa.4966.1.8
2021,"Jouault, Corentin; Perrichot, Vincent; Nel, Andre",New flat wasps from mid-Cretaceous Burmese amber deposits highlight the bethylid antiquity and paleobiogeography (Hymenoptera: Chrysidoidea),CRETACEOUS RESEARCH,JUL,10.1016/j.cretres.2021.104772
2021,"Perkovsky, Evgeny E.; Olmi, Massimo; Mueller, Patrick; Guglielmino, Adalgisa; Jarzembowski, Edmund A.; Capradossi, Leonardo; Rasnitsyn, Alexandr P.","A review of the fossil Embolemidae (Hymenoptera: Chrysidoidea), with description of seven new species and history of the family",CRETACEOUS RESEARCH,MAY,10.1016/j.cretres.2020.104708
2021,"Rosa, Brunno B.; Melo, Gabriel A. R.",Apoid wasps (Hymenoptera: Apoidea) from mid-Cretaceous amber of northern Myanmar*,CRETACEOUS RESEARCH,JUN,10.1016/j.cretres.2021.104770
2021,"Chen, Xin-Yu; Zhang, Hua-Chuan; Shi, Xiaoxiao",A new species and genus of Alienopteridae (Blattodea) from mid-Cretaceous amber of northern Myanmar,ZOOTAXA,Mar-10,10.11646/zootaxa.4941.4.7
2021,"Luo, Jiuyang; Ban, Petr; Xie, Qiang","Allocephalocorinae, a new subfamily of Enicocephalidae, based on Allocephalocoris zhengi gen. et sp. nov., in mid-Cretaceous amber from northern Myanmar (Insecta: Hemiptera)",CRETACEOUS RESEARCH,FEB,10.1016/j.cretres.2020.104628
2021,"Wagner, Philipp; Stanley, Edward L.; Daza, Juan D.; Bauer, Aaron M.",A new agamid lizard in mid-Cretaceous amber from northern Myanmar,CRETACEOUS RESEARCH,AUG,10.1016/j.cretres.2021.104813
2021,"Rasnitsyn, Alexandr P.; Oehm-Kuehnle, Christoph",Non-aculeate hymenoptera in the Cretaceous ambers of the world,CRETACEOUS RESEARCH,AUG,10.1016/j.cretres.2021.104805
2021,"Magalhaes, Ivan L. F.; Porta, Andres O.; Wunderlich, Joerg; Proud, Daniel N.; Ramirez, Martin J.; Perez-Gonzalez, Abel","Taxonomic revision of fossil Psilodercidae and Ochyroceratidae spiders (Araneae: Synspermiata), with a new species of Priscaleclercera from mid-Cretaceous Burmese amber, northern Myanmar",CRETACEOUS RESEARCH,MAY,10.1016/j.cretres.2020.104751
2021,"Kim, Junggon; Lim, Hyoun-Sub; Jung, Sunghoon",A fi rst member of bamboo-feeding lineage plant bug (Hemiptera: Heteroptera: Miridae: Mecistoscelini) in mid-Cretaceous Burmese amber,CRETACEOUS RESEARCH,MAY,10.1016/j.cretres.2020.104741
2021,"Poinar, George O., Jr.; Brown, Alex E.; Legalov, Andrei A.",First record of the subfamily Chilecarinae (Coleoptera; Ithyceridae) from mid-Cretaceous Burmese amber,CRETACEOUS RESEARCH,AUG,10.1016/j.cretres.2021.104793
2021,"Yu, Yali; Leschen, Richard A. B.; Slipinski, Adam; Ren, Dong; Wang, Shuo; Pang, Hong",Mesozoic Cleroidea (Coleoptera): First record of mid-Cretaceous Lophocateridae from Burmese amber and notes on the disputed genera Cervicatinius Tan & Ren (Trogossitidae) and Forticatinius Tan & Ren (Artematopodidae),CRETACEOUS RESEARCH,MAR,10.1016/j.cretres.2020.104680
2021,"Wang, Zhen; Olmi, Massimo; Shih, Chungkun; Ren, Dong; Gao, Taiping","New species of Hybristodryinus from mid-Cretaceous Myanmar amber (Hymenoptera, Dryinidae)",CRETACEOUS RESEARCH,SEP,10.1016/j.cretres.2021.104861
2021,"Lu, Xiumei; Liu, Xingyue",The Neuropterida from the mid-Cretaceous of Myanmar: A spectacular palaeodiversity bridging the Mesozoic and present faunas,CRETACEOUS RESEARCH,MAY,10.1016/j.cretres.2020.104727
2021,"Tihelka, Erik; Yamamoto, Shuhei; Huang, Diying; Cai, Chenyang",Enigmatic tenebrionoid beetles from mid-Cretaceous Burmese amber (Coleoptera: Tenebrionoidea),CRETACEOUS RESEARCH,JUL,10.1016/j.cretres.2021.104779
2021,"Hakim, Marina; Azar, Dany; Szwedo, Jacek; Drohojowska, Jowita; Huang, Diying","Paraprotopsyllidiidae fam. nov., a new thrips-like protopsyllidioid family from mid-Cretaceous Burmese amber (Hemiptera; Sternorrhyncha)",CRETACEOUS RESEARCH,APR,10.1016/j.cretres.2020.104726
2021,"Moritz, Leif; Wesener, Thomas","Electrocambalidae fam. nov., a new family of Cambalidea from Cretaceous Burmese amber (Diplopoda, Spirostreptida)",EUROPEAN JOURNAL OF TAXONOMY,Jun-16,10.5852/ejt.2021.755.1397
2021,"Yu, Tingting; Salvador, Rodrigo B.; Jarzembowski, Edmund A.",New terrestrial gastropods of Pupinidae and Diplommatinidae (Cyclophoroidea) from mid-Cretaceous Burmese amber,CRETACEOUS RESEARCH,AUG,10.1016/j.cretres.2021.104828
2021,"Tihelka, Erik; Huang, Diying; Cai, Chenyang",A new genus of wounded-tree beetles from mid-Cretaceous northern Myanmar amber (Coleoptera: Nosodendridae),CRETACEOUS RESEARCH,MAR,10.1016/j.cretres.2020.104701
2021,"Li, Longfeng; Shih, Chungkun; Yang, Jingtao; Wang, Lixia; Li, Daqing; Ren, Dong",New amber record of Braconidae (Insecta: Hymenoptera) from the mid-Cretaceous of Myanmar,CRETACEOUS RESEARCH,AUG,10.1016/j.cretres.2021.104794
2021,"Balashov, Igor","An inventory of molluscs recorded from mid-Cretaceous Burmese amber, with the description of a land snail, Euthema annae sp. nov. (Caenogastropoda, Cyclophoroidea, Diplommatinidae)",CRETACEOUS RESEARCH,FEB,10.1016/j.cretres.2020.104676
2021,"Skibinska, Kornelia; Albrycht, Marzena; Zhang, Qingqing; Gilka, Wojciech; Zakrzewska, Marta; Krzeminski, Wieslaw","Diversity of the Fossil Genus Palaeoglaesum Wagner (Diptera, Psychodidae) in the Upper Cretaceous Amber of Myanmar",INSECTS,MAR,10.3390/insects12030247
2021,"Wichard, Wilfried","Overview of the caddisflies (Insecta, Trichoptera) in mid-Cretaceous Burmese amber",CRETACEOUS RESEARCH,MAR,10.1016/j.cretres.2020.104707
2021,"Yin, Zi-Wei; Cai, Chen-Yang",A new Brachyglutini from mid-Cretaceous amber of northern Myanmar (Coleoptera: Staphylinidae: Pselaphinae),CRETACEOUS RESEARCH,AUG,10.1016/j.cretres.2021.104807
2021,"Wichard, Wilfried; Mey, Wolfram","Order Tarachoptera in mid-Cretaceous Burmese amber (Insecta, Amphiesmenoptera)",CRETACEOUS RESEARCH,MAR,10.1016/j.cretres.2020.104681
2021,"Tihelka, Erik; Huang, Diying; Cai, Chenyang",A new subfamily of hide beetles from the Cretaceous of northern Myanmar (Coleoptera: Scarabaeoidea: Trogidae),HISTORICAL BIOLOGY,Apr-03,10.1080/08912963.2019.1641705
2021,"Jouault, Corentin; Ngo-Muller, Valerie; Pouillon, Jean-Marc; Nel, Andre",New Burmese amber fossils clarify the evolution of bethylid wasps (Hymenoptera: Chrysidoidea),ZOOLOGICAL JOURNAL OF THE LINNEAN SOCIETY,APR,10.1093/zoolinnean/zlaa078
2021,"Men, Qiulei; Hu, Zhengkun",Leptotarsus (Longurio) burmica sp. nov.-The first species of Tipulidae (Diptera) from the mid-Cretaceous Burmese amber,CRETACEOUS RESEARCH,MAY,10.1016/j.cretres.2020.104723
2021,"Tihelka, Erik; Huang, Diying; Cai, Chenyang",A new genus of giant sooty mould beetles from mid-Cretaceous Burmese amber (Coleoptera: Cyclaxyridae),CRETACEOUS RESEARCH,SEP,10.1016/j.cretres.2021.104876
2021,"Sevcik, Jan; Skartveit, John; Krzeminski, Wieslaw; Skibinska, Kornelia",A Peculiar New Genus of Bibionomorpha (Diptera) with Brachycera-Like Modification of Antennae from Mid-Cretaceous Amber of Myanmar,INSECTS,APR,10.3390/insects12040364
2021,"Jouault, Corentin","Mid-Cretaceous Burmese amber pelecinid wasps (Hymenoptera, Pelecinidae) support the hypothesis of an Asian origin of the family",ANNALES DE PALEONTOLOGIE,JAN-MAR,10.1016/j.annpal.2020.102464
2021,"Jiang, Rixin; Song, Haitian; Zhang, Hongrui; Wang, Shuo","Burmagrilus cretacus gen. et sp. nov., the first Buprestidae from mid-Cretaceous Burmese amber",CRETACEOUS RESEARCH,SEP,10.1016/j.cretres.2021.104866
2021,"Godunko, Roman J.; Martynov, Alexander, V; Staniczek, Arnold H.","First fossil record of the mayfly family Vietnamellidae (Insecta, Ephemeroptera) from Burmese Amber confirms its Oriental origin and gives new insights into its evolution",ZOOKEYS,May-05,10.3897/zookeys.1036.66435
2021,"Badano, Davide; Zhang, Qingqing; Fratini, Michela; Maugeri, Laura; Bukreeva, Inna; Longo, Elena; Wilde, Fabian; Yeates, David K.; Cerretti, Pierfilippo","Discovery of Lebambromyia in Myanmar Cretaceous Amber: Phylogenetic and Biogeographic Implications (Insecta, Diptera, Phoroidea)",INSECTS,APR,10.3390/insects12040354
2021,"Olmi, Massimo; Chen, Hua-Yan; Shih, Chungkun; Mueller, Patrick; Capradossi, Leonardo; Ren, Dong; Perkovsky, Evgeny E.; Guglielmino, Adalgisa","New species of Hybristodryinus Engel (Hymenoptera, Dryinidae) from mid-Cretaceous amber of northern Myanmar, with notes on their possible hosts",JOURNAL OF HYMENOPTERA RESEARCH,Feb-25,10.3897/jhr.81.57792
2021,"Jiang, Rixin; Wang, Shuo","Syntelia sunwukong sp. nov., the oldest Synteliid beetle (Coleoptera: Histeroidea) from mid-Cretaceous Burmese amber",CRETACEOUS RESEARCH,MAR,10.1016/j.cretres.2020.104709
2021,"Li, Xin-Ran; Huang, Di-Ying",A brachypterous cockroach (Dictyoptera: Blattaria: Blattoidea) and its potential relevance to the palaeoenvironment of mid-Cretaceous Myanmar amber locality,CRETACEOUS RESEARCH,APR,10.1016/j.cretres.2020.104730
2021,"Jouault, Corentin; Rasnitsyn, Alexandr P.; Perrichot, Vincent","Ohlhoffiidae, a new Cretaceous family of basal parasitic wasps (Hymenoptera: Stephanoidea)",CRETACEOUS RESEARCH,JAN,10.1016/j.cretres.2020.104635
2021,"Perez-de la Fuente, Ricardo; Penalver, Enrique; Engel, Michael S.",Beaded lacewings (Neuroptera: Berothidae) in amber from the Lower Cretaceous of Spain,CRETACEOUS RESEARCH,MAR,10.1016/j.cretres.2020.104705
2021,"Pohl, Hans; Wipfler, Benjamin; Boudinot, Brendon; Beutel, Rolf Georg",On the value of Burmese amber for understanding insect evolution: Insights from dagger Heterobathmilla- an exceptional stem group genus of Strepsiptera (Insecta),CLADISTICS,APR,10.1111/cla.12433
2021,"Skibinska, Kornelia; Krzeminski, Wieslaw; Zhang, Qingqing","A revised diagnosis of Palaeoglaesum Wagner (Diptera, Psychodidae, Bruchomyiinae) with description of two new species from Cretaceous Myanmar amber",HISTORICAL BIOLOGY,Feb-01,10.1080/08912963.2019.1607321
2021,"Krzeminski, Wieslaw; Kania-Klosok, Iwona; Krzeminska, Ewa; Sevcik, Jan; Soszynska-Maj, Agnieszka","Fossils Shed a New Light on the Diversity and Disparity of the Family Limoniidae (Diptera, Nematocera)",INSECTS,MAR,10.3390/insects12030206
2021,"Ngo-Muller, Valerie; Engel, Michael S.; Garrouste, Romain; Pouillon, Jean-Marc; Nel, Andr","The first predatory dance fly of the subfamily Ocydromiinae with specialized, raptorial legs in mid-Cretaceous amber from Myanmar (Diptera: Hybotidae)",CRETACEOUS RESEARCH,MAR,10.1016/j.cretres.2020.104697
2021,"Caterino, Michael S.",NEW FOSSIL HISTERID SPECIES FROM CRETACEOUS BURMESE AMBER (COLEOPTERA: HISTERIDAE),COLEOPTERISTS BULLETIN,MAR,10.1649/0010-065X-75.1.211
2021,"Zin-Maung-Maung-Thein; Zaw, Khin",Parachute research is another ethical problem for Myanmar amber,NATURE ECOLOGY & EVOLUTION,JUN,10.1038/s41559-021-01472-6
2021,"Barrett, Paul M.; Johanson, Zerina; Long, Sarah L.","Law, ethics, gems and fossils in Myanmar amber",NATURE ECOLOGY & EVOLUTION,JUN,10.1038/s41559-021-01478-0
2021,"Heiss, Ernst; Kairiss, Kristaps; Bukejs, Andris",The invisibile becomes visible: X-ray micro-CT reconstruction of Aneurus damzeni sp. nov. (Hemiptera: Heteroptera: Aradidae) from Eocene Baltic amber,ZOOTAXA,Mar-29,10.11646/zootaxa.4950.1.11
2021,"Yu Tingting; Neubauer, Thomas A.",The oldest fossil Hydrocenidae found in mid-Cretaceous Burmese amber (Gastropoda: Cycloneritida),CRETACEOUS RESEARCH,JUN,10.1016/j.cretres.2021.104765
2021,"Martins, Andre L.; Melo, Gabriel A. R.","The oldest confirmed fossil of Bocchinae (Hymenoptera, Dryinidae), with description of a new species of Bocchus Ashmead from Baltic amber",HISTORICAL BIOLOGY,Feb-01,10.1080/08912963.2019.1613392
2021,"Nel, Patricia; Schubnel, Thomas; Perrichot, Vincent; Nel, Andre","ANKOTHRIPS, THE MOST ANCIENT EXTANT THRIPS GENUS (THYSANOPTERA, MELANTHRIPIDAE)",PAPERS IN PALAEONTOLOGY,MAY,10.1002/spp2.1320
2021,"Zhao, Zhipeng; Shih, Chungkun; Gao, Taiping; Ren, Dong",Termite communities and their early evolution and ecology trapped in Cretaceous Amber,CRETACEOUS RESEARCH,JAN,10.1016/j.cretres.2020.104612
2021,"Khaustov, Alexander A.; Vorontsov, Dmitry D.; Perkovsky, Evgeny E.; Lindquist, Evert E.","Review of fossil heterostigmatic mites (Acari: Heterostigmata) from late Eocene Rovno Amber. I. Families Tarsocheylidae, Dolichocybidae and Acarophenacidae",SYSTEMATIC AND APPLIED ACAROLOGY,JAN,10.11158/saa.26.1.3
2021,"Chen, Hua-yan; van Achterberg, Cornelis; Pang, Hong; Liu, Jing-xian","Three new genera of Braconidae (Hymenoptera) from mid-Cretaceous amber of northern Myanmar (vol 118, 104669, 2021)",CRETACEOUS RESEARCH,JUN,10.1016/j.cretres.2021.104774
2021,[Anonymous],Fossilized ethics,NATURE ECOLOGY & EVOLUTION,JUN,10.1038/s41559-021-01493-1
2021,"Cumming, Royce T. .; Le Tirant, Stephane","Drawing the Excalibur bug from the stone: adding credibility to the double-edged sword hypothesis of coreid evolution (Hemiptera, Coreidae)",ZOOKEYS,Jun-11,10.3897/zookeys.1043.67730
2021,"Mey, Wolfram; Leger, Theo; Vu Van Lien","New taxa of extant and fossil primitive moths in South-East Asia and their biogeographic significance (Lepidoptera, Micropterigidae, Agathiphagidae, Lophocoronidae)",NOTA LEPIDOPTEROLOGICA,Mar-10,10.3897/nl.44.52350
2021,"Badano, Davide; Fratini, Michela; Maugeri, Laura; Palermo, Francesca; Pieroni, Nicola; Cedola, Alessia; Haug, Joachim T.; Weiterschan, Thomas; Velten, Juergen; Mei, Maurizio; Di Giulio, Andrea; Cerretti, Pierfilippo",X-ray microtomography and phylogenomics provide insights into the morphology and evolution of an enigmatic Mesozoic insect larva,SYSTEMATIC ENTOMOLOGY,JUL,10.1111/syen.12482
2021,"Li, Yan-Da; Kundrata, Robin; Tihelka, Erik; Liu, Zhenhua; Huang, Diying; Cai, Chenyang","Cretophengodidae, a new Cretaceous beetle family, sheds light on the evolution of bioluminescence",PROCEEDINGS OF THE ROYAL SOCIETY B-BIOLOGICAL SCIENCES,Jan-27,10.1098/rspb.2020.2730
2021,"Yin, Zi-Wei; Lu, Liang; Yamamoto, Shuhei; Thayer, Margaret K.; Newton, Alfred F.; Cai, Chen-Yang","Dasycerine rove beetles: Cretaceous diversification, phylogeny and historical biogeography (Coleoptera: Staphylinidae: Dasycerinae)",CLADISTICS,APR,10.1111/cla.12430
2021,"Kundrata, Robin; Packova, Gabriela; Prosvirov, Alexander S.; Hoffmannova, Johana","The Fossil Record of Elateridae (Coleoptera: Elateroidea): Described Species, Current Problems and Future Prospects",INSECTS,APR,10.3390/insects12040286
2021,"Hu, Fang-Shuo; Liang, Wei-Ren","The first record of the subfamily Dasycerinae in Taiwan, with description of a new species (Coleoptera: Staphylinidae)",ZOOTAXA,Jan-07,10.11646/zootaxa.4903.2.4
2021,"Aquino dos Santos, Marcia Fernandes; Mattos, Ingrid; Mermudes, Jose Ricardo M.; Scheffler, Sandro Marcelo; Reyes-Castillo, Pedro","A new passalid fossil (Insecta: Coleoptera) from the Santana Formation (Crato member, Lower Cretaceous), Araripe Basin, NE Brazil: Paleoecological and paleobiogeographic implications",CRETACEOUS RESEARCH,FEB,10.1016/j.cretres.2020.104664
2021,"Hernando, Carles; Andujar, Carmelo","Mitogenomic phylogenetics of Diochus occultus n. sp., a palaeoendemic endogean species within the tribe Diochini (Coleoptera: Staphylinidae: Staphylininae)",JOURNAL OF ZOOLOGICAL SYSTEMATICS AND EVOLUTIONARY RESEARCH,JAN,10.1111/jzs.12425
2021,"Archibald, S. Bruce; Makarkin, Vladimir N.",Early Eocene snakeflies (Raphidioptera) of western North America from the Okanagan Highlands and Green River Formation,ZOOTAXA,Apr-01,10.11646/zootaxa.4951.1.2
2020,"Chen, Jun; Wang, Bo; Zheng, Yan; Jiang, Hui; Li, Yuling; Jiang, Tian; Zhang, Haichun","Giants trapped in resin: new material of Sinoalidae in mid-Cretaceous Kachin amber from northern Myanmar (Insecta, Cicadomorpha)",CRETACEOUS RESEARCH,AUG,10.1016/j.cretres.2020.104450
2020,"Jarzembowski, Edmund A.; Wang, Bo; Zheng, Daran",An archaic-beetle 'Jaws' from mid-Cretaceous Burmese amber (Coleoptera: Archostemata),PROCEEDINGS OF THE GEOLOGISTS ASSOCIATION,APR,10.1016/j.pgeola.2020.02.003
2020,"Chen, Jun; Zhang, Haichun; Wang, Bo; Zheng, Yan","A new whitefly (Hemiptera, Sternorrhyncha, Aleyrodidae) in mid-Cretaceous Kachin amber, northern Myanmar",CRETACEOUS RESEARCH,FEB,10.1016/j.cretres.2019.104256
2020,"Hu, Xueying; Lei, Xiaojie; Luo, Cihang; Jarzembowski, E. A.; Wang, Bo; Xiao, Chuantao",A new whip spider (Arachnida: Amblypygi) in mid-Cretaceous Kachin amber,CRETACEOUS RESEARCH,DEC,10.1016/j.cretres.2020.104596
2020,"Bullis, David A.; Herhold, Hollister W.; Czekanski-Moir, Jesse E.; Grimaldi, David A.; Rundell, Rebecca J.","Diverse new tropical land snail species from mid-Cretaceous Burmese amber (Mollusca: Gastropoda: Cyclophoroidea, Assimineidae)",CRETACEOUS RESEARCH,MAR,10.1016/j.cretres.2019.104267
2020,"Xing, Lida; Qiu, Liang",Zircon U-Pb age constraints on the mid-Cretaceous Hkamti amber biota in northern Myanmar,PALAEOGEOGRAPHY PALAEOCLIMATOLOGY PALAEOECOLOGY,Nov-15,10.1016/j.palaeo.2020.109960
2020,"Perrichot, Vincent; Wang, Bo; Barden, Phillip",New remarkable remarkable hell ants (Formicidae: Haidomyrmecinae stat. nov.) from mid-Cretaceous amber of northern Myanmar,CRETACEOUS RESEARCH,MAY,10.1016/j.cretres.2020.104381
2020,"Peris, David; Jelinek, Josef",Syninclusions of two new species of short-winged flower beetle (Coleoptera: Kateretidae) in mid-Cretaceous Kachin amber (Myanmar),CRETACEOUS RESEARCH,FEB,10.1016/j.cretres.2019.104264
2020,"Sun, Jie; Chen, Jun","New material of shore bug subfamily Leptosaldinae in mid-Cretaceous Kachin amber from northern Myanmar (Heteroptera, Leptopodomorpha)",CRETACEOUS RESEARCH,FEB,10.1016/j.cretres.2019.104205
2020,"Shang, Tingting; Wang, Xiaoli; Zhang, Lixia; Chen, Jun","A tiny yuripopovinid true bug (Hemiptera, Pentatomomorpha) from Cenomanian Burmese amber",CRETACEOUS RESEARCH,OCT,10.1016/j.cretres.2020.104534
2020,"Martynova, Kateryna, V; Zhang, Qi; Olmi, Massimo; Mueller, Patrick; Perkovsky, Evgeny E.",Revision of the genus Dryinus Latreille (Hymenoptera: Dryinidae) from mid-Cretaceous Kachin (Myanmar) amber,CRETACEOUS RESEARCH,FEB,10.1016/j.cretres.2019.104217
2020,"Tribull, Carly Melissa; Barden, Phillip; Olmi, Massimo","Hybristodryinus moutesoe (Hymenoptera, Dryinidae), a new species from mid-Cretaceous Kachin (Burmese) amber",CRETACEOUS RESEARCH,OCT,10.1016/j.cretres.2020.104528
2020,"Chen, Jun; Wang, Bo; Zheng, Yan; Jiang, Hui; Jiang, Tian; Wang, Xiaoli; Zhang, Haichun","The youngest record of the leafhopper family Archijassidae in Kachin amber froth the lowermost Upper Cretaceous of northern Myanmar (Cicadomorpha, Cicadelloidea)",CRETACEOUS RESEARCH,FEB,10.1016/j.cretres.2019.104252
2020,"Zhang, Junqiang; Chen, Jun","A stalk-eyed true bug in mid-Cretaceous Burmese amber (Hemiptera, Pentatomomorpha, Yuripopovinidae)",CRETACEOUS RESEARCH,JUN,10.1016/j.cretres.2020.104391
2020,"Perkovsky, Evgeny E.; Olmi, Massimo; Mueller, Patrick; Capradossi, Leonardo; Vasilenko, Dmitry V.; Guglielmino, Adalgisa","A review of the Palaeoanteoninae (Hymenoptera: Dryinidae), with description of the first species from mid-Cretaceous Kachin (Myanmar) amber and comments on its phylogenetic significance",CRETACEOUS RESEARCH,DEC,10.1016/j.ereires.2020.104582
2020,"Golub, Viktor B.; Heiss, Ernst",Three new species of the lacebug genus Tingiometra from Cretaceous Burmese amber (Hemiptera: Heteroptera: Tingidae: Tingiometrinae),ZOOTAXA,Apr-29,10.11646/zootaxa.4767.4.3
2020,"Liu, Yuming; Hakim, Marina; Huang, Diying",First stratiomyomorphan larvae in the mid-Cretaceous amber from Myanmar (Diptera: Brachycera),CRETACEOUS RESEARCH,FEB,10.1016/j.cretres.2019.104265
2020,"Legalov, Andrei A.",Two new weevil tribes (Coleoptera: Curculionoidea) from Burmese amber,HISTORICAL BIOLOGY,Jan-02,10.1080/08912963.2018.1504936
2020,"Alvarez-Parra, Sergio; Penalver, Enrique; Nel, Andre; Delclos, Xavier",The oldest representative of the extant barklice genus Psyllipsocus (Psocodea: Trogiomorpha: Psyllipsocidae) from the Cenomanian amber of Myanmar,CRETACEOUS RESEARCH,SEP,10.1016/j.cretres.2020.104480
2020,"Li, Jingxia; Zhao, Xiangdong; Gao, Yunpeng; Wang, Bo; Xiao, Chuantao",Cockroach Stavba jarzembowskii sp. nov. (Blattaria: Liberiblattindae) from mid-Cretaceous Burmese amber,CRETACEOUS RESEARCH,NOV,10.1016/j.cretres.2020.104531
2020,"Poinar, George",Pygmy mole crickets (Orthoptera: Tridactylidae) in Dominican and Burmese amber,HISTORICAL BIOLOGY,Feb-07,10.1080/08912963.2018.1483362
2020,"Poinar, George, Jr.; Brown, Alex",A new genus of leafhoppers (Hemiptera: Cicadellidae) in mid-Cretaceous Myanmar amber,HISTORICAL BIOLOGY,Feb-07,10.1080/08912963.2017.1384472
2020,"Chen, Jun; Wang, Bo; Zhang, Haichun; Jiang, Hui; Jiang, Tian; Zheng, Yan; Wang, Xiaoli","New discovery of Minlagerrontidae in mid-Cretaceous Burmese amber (Hemiptera, Cicadomorpha, Clypeata)",CRETACEOUS RESEARCH,FEB,10.1016/j.cretres.2019.104204
2020,"Wang, Yimo; Wang, Mei; Rasnitsyn, A. P.; Shih, Chungkun; Ren, Dong; Kopylov, Dmitry S.; Gao, Taiping","A new anaxyelid sawfly (Insecta, Hymenoptera, Siricoidea) in mid-Cretaceous Myanmar amber",CRETACEOUS RESEARCH,MAY,10.1016/j.cretres.2020.104372
2020,"Legalov, Andrei A.; Kirejtshuk, Alexander G.; Anokhin, Boris A.","The oldest seed beetle (Coleoptera; Chrysomelidae: Bruchinae) from Upper Cretaceous amber of northern Myanmar with description of new tribe, genus and species",CRETACEOUS RESEARCH,MAR,10.1016/j.cretres.2019.104283
2020,"Liu, Yuchu; Tihelka, Erik; Tian, Li; Huang, Diying; Cai, Chenyang",First fossil pseudopsine rove beetle from mid-Cretaceous Burmese amber (Coleoptera: Staphylinidae: Pseudopsinae),ZOOTAXA,Nov-24,10.11646/zootaxa.4885.1.4
2020,"Makarkin, Vladimir N.; Groehn, Carsten",The first unusual Hemerobiidae (Neuroptera) from mid-Cretaceous Burmese amber,CRETACEOUS RESEARCH,FEB,10.1016/j.cretres.2019.104206
2020,"Wang, He; Lei, Xiaojie; Zhang, Guoquan; Xu, Chunpeng; Fang, Yan; Zhang, Haichun","The earliest Gryllotalpinae (Insecta, Orthoptera, Gryllotalpidae) from mid-Cretaceous Burmese amber",CRETACEOUS RESEARCH,MAR,10.1016/j.cretres.2019.104292
2020,"Chen, Zhi-Teng; Wang, Bo",New females of Perlidae (Insecta: Plecoptera) from Cenomanian Burmese amber,CRETACEOUS RESEARCH,FEB,10.1016/j.cretres.2019.104203
2020,"Liu, Yuchu; Tihelka, Erik; Yamamoto, Shuhei; Yin, Ziwei; Huang, Diying; Tian, Li; Cai, Chenyang",The first fossil record of the rove beetle subfamily Protopselaphinae (Coleoptera: Staphylinidae) from mid-Cretaceous Burmese amber,CRETACEOUS RESEARCH,JUN,10.1016/j.cretres.2020.104416
2020,"Mueller, Sandro P.; Dunlop, Jason A.; Kotthoff, Ulrich; Hammel, Joerg U.; Harms, Danilo",The oldest short-tailed whipscorpion (Schizomida): A new genus and species from the Upper Cretaceous amber of northern Myanmar,CRETACEOUS RESEARCH,FEB,10.1016/j.cretres.2019.104227
2020,"Chen, Zhi-Teng; Xu, Chun-Peng",First Peltoperlidae (Insecta: Plecoptera) from mid-Cretaceous Burmese amber,CRETACEOUS RESEARCH,OCT,10.1016/j.cretres.2020.104506
2020,"Chen, Jun; Zhang, Haichun; Jiang, Hui; Li, Yuling; Jiang, Tian; Zheng, Yan; Wang, Xiaoli","Eurypterogerron kachinensis gen. et sp. nov., a remarkable minlagerrontid (Hemiptera, Cicadomorpha) in mid-Cretaceous Burmese amber",CRETACEOUS RESEARCH,JUN,10.1016/j.cretres.2020.104418
2020,"Zheng, Daran; Jarzembowski, Edmund A.",A brief review of Odonata in mid-Cretaceous Burmese amber,INTERNATIONAL JOURNAL OF ODONATOLOGY,Jan-02,10.1080/13887890.2019.1688499
2020,"Luo, Cihang; Jiang, Tian; Szwedo, Jacek; Wang, Bo; Xiao, Chuantao",A new planthopper family Katlasidae fam. nov. (Hemiptera: Fulgoromorpha: Fulgoroidea) from mid-Cretaceous Kachin amber,CRETACEOUS RESEARCH,NOV,10.1016/j.cretres.2020.104532
2020,"Tihelka, Erok; Huang, Diying; Cai, Chenyang","Trihelota, a new and unusual helotid beetle genus from mid-Cretaceous Burmese amber (Coleoptera: Helotidae)",ACTA ENTOMOLOGICA MUSEI NATIONALIS PRAGAE,,10.37520/aemnp.2020.033
2020,"Lis, Jerzy A.; Roca-Cusachs, Marcos; Lis, Barbara; Jung, Sunghoon","Pullneyocoris dentatus gen. et sp. nov. (Hemiptera: Pentatomoidea: Cydnidae), the third representative of the subfamily Amnestinae from mid-Cretaceous amber of northern Myanmar",CRETACEOUS RESEARCH,NOV,10.1016/j.cretres.2020.104562
2020,"Xu, Chunpeng; Fang, Yan; Wang, He",A new mole cricket (Orthoptera: Gryllotalpidae) from mid-Cretaceous Burmese amber,CRETACEOUS RESEARCH,AUG,10.1016/j.cretres.2020.104428
2020,"Xu, Chunpeng; Zhang, Haichun; Jarzembowski, Edmund A.; Fang, Yan",The first Ripipterygidae (Orthoptera: Caelifera: Tridactyloidea) from mid-Cretaceous Burmese amber,CRETACEOUS RESEARCH,AUG,10.1016/j.cretres.2019.104356
2020,"Xing, Lida; Gu, Lei",The possible earliest epizoochorous fruit preserved in mid-Cretaceous Burmese amber,CRETACEOUS RESEARCH,OCT,10.1016/j.cretres.2020.104498
2020,"Qu, Tianquan; Yin, Ziwei; Huang, Diying; Cai, Chenyang",First Mesozoic brachypsectrid beetles in mid-Cretaceous amber from northern Myanmar (Coleoptera: Elateroidea: Brachypsectridae),CRETACEOUS RESEARCH,FEB,10.1016/j.cretres.2019.07.020
2020,"Xu, Chunpeng; Zhang, Haichun; Jarzembowski, Edmund A.; Fang, Yan",The first ground cricket (Orthoptera: Trigonidiidae: Nemobiinae) from mid-Cretaceous Burmese amber,CRETACEOUS RESEARCH,NOV,10.1016/j.cretres.2020.104481
2020,"Li, Chunxiang; Moran, Robbin C.; Ma, Junye; Wang, Bo; Hao, Jiasheng; Yang, Qun",A mid-Cretaceous tree fern of Thyrsopteridaceae (Cyatheales) preserved in Myanmar amber,CRETACEOUS RESEARCH,JAN,10.1016/j.cretres.2019.01.002
2020,"Zhang, Qingqing; Zhang, Junfeng; Wang, Bo","New bizarre flies from mid-Cretaceous Burmese amber (Diptera, Rhagionemestriidae)",CRETACEOUS RESEARCH,JUN,10.1016/j.cretres.2019.104347
2020,"Poinar, George, Jr.",A new genus of terrestrial isopods (Crustacea: Oniscidea: Armadillidae) in Myanmar amber,HISTORICAL BIOLOGY,,10.1080/08912963.2018.1509964
2020,"Luo, Cihang; Jiang, Tian; Szwedo, Jacek; Wang, Bo; Xiao, Chuantao",A new genus and species of Perforissidae (Hemiptera: Fulgoromorpha) from mid-Cretaceous Kachin amber,CRETACEOUS RESEARCH,OCT,10.1016/j.cretres.2020.104518
2020,"Xu, Chunpeng; Fang, Yan; Jarzembowski, Edmund A.",A new pygmy mole cricket (Orthoptera: Tridactyloidea: Tridactylidae) from mid-Cretaceous Burmese amber,CRETACEOUS RESEARCH,JUL,10.1016/j.cretres.2020.104371
2020,"Luo, Cihang; Jiang, Tian; Wang, Bo; Xiao, Chuantao",A new species of Burmissus (Hemiptera: Fulgoromorpha: Mimarachnidae) from mid-Cretaceous Burmese amber,CRETACEOUS RESEARCH,JUN,10.1016/j.cretres.2020.104417
2020,"Chen, Zhi-Teng",A new stonefly (Plecoptera: Perlidae) from the mid-Cretaceous Burmese amber,CRETACEOUS RESEARCH,SEP,10.1016/j.cretres.2020.104489
2020,"Lohrmann, Volker; Zhang, Qi; Michalik, Peter; Blaschke, Jeremy; Muller, Patrick; Jeanneau, Laurent; Perrichot, Vincent","Cretolixon - a remarkable new genus of rhopalosomatid wasps (Hymenoptera: Vespoidea: Rhopalosomatidae) from chemically tested, mid-Cretaceous Burmese (Kachin) amber supports the monophyly of Rhopalosomatinae",FOSSIL RECORD,Dec-11,10.5194/fr-23-215-2020
2020,"Wu, Qiong; Zhang, Ting; Shih, Chungkun; Ren, Dong; Zhao, Yun-yun; Gao, Tai-ping",New vespids from mid-Cretaceous amber of northern Myanmar provide evidence for the phylogenetic relationships of Priorvespinae (Hymenoptera: Vespidae),CRETACEOUS RESEARCH,SEP,10.1016/j.cretres.2020.104495
2020,"Fu, Yanzhe; Azar, Dany; Huang, Diying",A new species of the extinct family Minlagerrontidae (Insecta: Hemiptera: Cicadomorpha) from mid-Cretaceous Burmese amber,CRETACEOUS RESEARCH,MAR,10.1016/j.cretres.2019.104270
2020,"Zhao, Xianye; Zhao, Xiangdong; Jarzembowski, Edmund; Tian, Yuan; Chen, Lei",The first record of brachypsectrid larva from mid-Cretaceous Burmese amber (Coleoptera: Polyphaga),CRETACEOUS RESEARCH,SEP,10.1016/j.cretres.2020.104493
2020,"Maheu, Aude; Nel, Andre",A new fossil booklouse (psocodea: Troctomorpha: Amphientometae: Manicapsocidae) from the mid-Cretaceous amber of northern Myanmar,CRETACEOUS RESEARCH,FEB,10.1016/j.cretres.2019.104222
2020,"Zhang, Qi; Kopylov, Dmitry S.; Rasnitsyn, Alexandr P.; Zheng, Yan; Zhang, Haichun","BURMORUSSIDAE, A NEW FAMILY OF PARASITIC WASPS (INSECTA, HYMENOPTERA) FROM MID-CRETACEOUS BURMESE AMBER",PAPERS IN PALAEONTOLOGY,NOV,10.1002/spp2.1312
2020,"Bao, Tong; Antunes-Carvalho, Caio","Two new polyphagan beetles (Tenebrionidae, Leiodidae) from lower Cenomanian amber of Myanmar",CRETACEOUS RESEARCH,DEC,10.1016/j.cretres.2020.104599
2020,"Jouault, Corentin; Ngo-Muller, Valerie; Pouillon, Jean-Marc; Nel, Andre","Taxonomic additions to the pelecinid wasps (Hymenoptera, Pelecinidae) of the 'mid-Cretaceous' Burmese amber",CRETACEOUS RESEARCH,OCT,10.1016/j.cretres.2020.104505
2020,"Wichard, Wilfried; Wang, Bo","Family Kambaitipsychidae (Insecta, Trichoptera) in mid-Cretaceous Burmese amber",CRETACEOUS RESEARCH,MAR,10.1016/j.cretres.2019.104272
2020,"Wagner, Ruediger; Mueller, Patrick",The oldest of the rare: A new species of the family Nymphomyiidae (Diptera from Burmese amber,ZOOTAXA,Apr-09,10.11646/zootaxa.4763.2.11
2020,"Fu, Yanzhe; Huang, Diying","Revision of the genus Jiaotouia (Hemiptera, Cercopoidea) with description of a new species from mid-Cretaceous Burmese amber",CRETACEOUS RESEARCH,NOV,10.1016/j.cretres.2020.104558
2020,"Poinar, George, Jr.; Brown, Alex E.",A new genus and species of the family Dinglidae (Hemiptera: Sternorrhyncha) in Burmese amber,NEUES JAHRBUCH FUR GEOLOGIE UND PALAONTOLOGIE-ABHANDLUNGEN,DEC,10.1127/njgpa/2020/0951
2020,"Li, Sheng; Wang, Qiuzhu; Ren, Dong; Yao, Yunzhi",New genus and species of Empheriidae (Psocodea: Trogiomorpha) from mid-Cretaceous amber of northern Myanmar,CRETACEOUS RESEARCH,JUN,10.1016/j.cretres.2020.104421
2020,"Poinar, George; Zavortink, Thomas J.; Brown, Alex",Priscoculex burmanicus n. gen. et sp. (Diptera: Culicidae: Anophelinae) from mid-Cretaceous Myanmar amber,HISTORICAL BIOLOGY,Oct-20,10.1080/08912963.2019.1570185
2020,"Peris, David; Bao, Tong; Maehler, Bastian; Philips, T. Keith",A morphologically unique species of Ptinidae (Coleoptera) and the first found in mid-Cretaceous Kachin amber (Myanmar),JOURNAL OF SYSTEMATIC PALAEONTOLOGY,May-18,10.1080/14772019.2019.1695291
2020,"Zhang, Haoqiang; Shih, Chungkun; Ren, Dong; Wang, Yongjie",New Alavesia species from mid-Cretaceous Burmese amber highlight genitalic structural homology (Diptera: Empidoidea: Atelestidae),CRETACEOUS RESEARCH,DEC,10.1016/j.cretres.2020.104573
2020,"Jarzembowski, Edmund A.; Wang, Bo; Zheng, Daran",The first notocupedin beetle in mid-Cretaceous amber of northern Myanmar (Insecta: Coleoptera: Archostemata),CRETACEOUS RESEARCH,FEB,10.1016/j.cretres.2019.104225
2020,"Cui, Yingying; Chen, Zhi-Teng; Engel, Michael S.",New species of webspinners (Insecta: Embiodea) from mid-Cretaceous amber of northern Myanmar,CRETACEOUS RESEARCH,SEP,10.1016/j.cretres.2020.104457
2020,"Lattke, John E.; Melo, Gabriel A. R.",New haidomyrmecine ants (Hymenoptera: Formicidae) from mid-Cretaceous amber of northern Myanmar,CRETACEOUS RESEARCH,OCT,10.1016/j.cretres.2020.104502
2020,"Poinar, George; Vega, Fernando E.; Schneider, Scott A.",Amid-Cretaceous female scale insect (Hemiptera: Sternorrhyncha: Coccomorpha) in Burmese amber,ZOOTAXA,Jul-13,10.11646/zootaxa.4810.3.7
2020,"Poinar, George O., Jr.; Vega, Fernando E.; Legalov, Andrei A.",New subfamily of ambrosia beetles (Coleoptera: Platypodidae) from mid-Cretaceous Burmese amber,HISTORICAL BIOLOGY,Jan-02,10.1080/08912963.2018.1528446
2020,"Li, Chunxiang; Moran, Robbin C.; Ma, Junye; Wang, Bo; Hao, Jiasheng",A new fossil record of Lindsaeaceae (Polypodiales) from the mid-Cretaceous amber of Myanmar,CRETACEOUS RESEARCH,JAN,10.1016/j.cretres.2018.12.010
2020,"Barrett, Paul M.; Johanson, Zerina",Myanmar (Burmese) Amber Statement,JOURNAL OF SYSTEMATIC PALAEONTOLOGY,Jul-02,10.1080/14772019.2020.1764313
2020,"Ngo-Muller, Valerie; Garrouste, Romain; Pouillon, Jean-Marc; Douteau, Julien; Nel, Andre","A new Babinskaiidae from the mid-Cretaceous Burmese amber (Insecta, Neuroptera, Myrmeleontoidea)",CRETACEOUS RESEARCH,SEP,10.1016/j.cretres.2020.104478
2020,"Tihelka, Erik; Huang, Diying; Cai, Chenyang",First false darkling beetle from mid-Cretaceous Burmese amber (Coleoptera: Melandryidae),ALCHERINGA,Jan-02,10.1080/03115518.2019.1664635
2020,"Legalov, Andrei A.; Hava, Jiri",The first record of subfamily Polycaoninae (Coleoptera; Bostrichidae) from mid-Cretaceous Burmese amber,CRETACEOUS RESEARCH,DEC,10.1016/j.cretres.2020.104620
2020,"Xing, Lida; McKellar, Ryan C.; O'Connor, Jingmai K.",An unusually large bird wing in mid-Cretaceous Burmese amber,CRETACEOUS RESEARCH,JUN,10.1016/j.cretres.2020.104412
2020,"Tihelka, Erik; Huang, Diying; Cai, Chenyang",New data on Ommatidae (Coleoptera) from mid-Cretaceous Burmese amber,CRETACEOUS RESEARCH,FEB,10.1016/j.cretres.2019.104253
2020,"Hakim, Marina; Azar, Dany; Huang, Diying",A unique manicapsocid (Psocodea: Amphientometae) from the mid-Cretaceous Burmese amber,CRETACEOUS RESEARCH,MAR,10.10165.cretres.2019.104278
2020,"Jouault, Corentin; Perrichot, Vincent; Nel, Andre",A new genus and species of parasitic wasps (Hymenoptera: Diapriidae) from Hkamti mid-Cretaceous Burmese amber,CRETACEOUS RESEARCH,NOV,10.1016/j.cretres.2020.104533
2020,"Yoshizawa, Kazunori; Lienhard, Charles",dagger Cormopsocidae: A new family of the suborder Trogiomorpha (Insecta: Psocodea) from Burmese amber,ENTOMOLOGICAL SCIENCE,JUN,10.1111/ens.12414
2020,"Chen, Xin-yu; Zhang, Hua-Chuan",A new fossil record of Lymexylidae (Insecta: Coleoptera) from mid-Cretaceous amber of northern Myanmar,ZOOTAXA,Nov-12,10.11646/zootaxa.4878.1.11
2020,"Wichard, Wilfried; Espeland, Marianne; Mueller, Patrick; Wang, Bo","New species of caddisflies with bipectinate antennae from Cretaceous Burmese amber (Insecta, Trichoptera: Odontoceratidae, Calamoceratidae)",EUROPEAN JOURNAL OF TAXONOMY,May-27,10.5852/ejt.2020.653
2020,"Rasnitsyn, Alexandr P.; Brothers, Denis J.","The first plumalexiid wasp (Hymenoptera: Chrysidoidea, Plumalexiidae) from the mid-Cretaceous Burmese amber",CRETACEOUS RESEARCH,NOV,10.1016/j.cretres.2020.104568
2020,"Jouault, Corentin; Nel, Andre; Perrichot, Vincent","New evanioid wasps (Hymenoptera: Praeaulacidae, Aulacidae) from Cenomanian Burmese amber",CRETACEOUS RESEARCH,JUN,10.1016/j.cretres.2020.104407
2020,"Garrouste, Romain; Schubnel, Thomas; Huang, Diying; Azar, Dany; Cai, Chenyang; Nel, Andre",Sexual conflict during Mesozoic: The first Cretaceous damsel bug in Burmese amber (Hemiptera: Heteroptera: Nabidae),CRETACEOUS RESEARCH,APR,10.1016/j.cretres.2019.104344
2020,"Molino-Olmedo, Francisco; Ferreira, Vinicius S.; Branham, Marc A.; Ivie, Michael A.","The description of Prototrichalus gen. nov. and three new species from Burmese amber supports a mid-Cretaceous origin of the Metriorrhynchini (Coleoptera, Lycidae)",CRETACEOUS RESEARCH,JUL,10.1016/j.cretres.2020.104452
2020,"Li, Longfeng; Rasnitsyn, Alexandr P.; Shih, Chungkun; Li, Daqing; Ren, Dong","A new species and diagnostic characters for Panguidae (Hymenoptera, Panguoidea)",CRETACEOUS RESEARCH,NOV,10.1016/j.cretres.2020.104563
2020,"Porta, Andres O.; Michalik, Peter; Franchi, Ezequiel; Proud, Daniel N.",The first fossil pycnocheiridiine pseudoscorpion (Pseudoscorpiones: Cheiridiidae: Procheiridium gen. nov.) from Cretaceous Burmese amber,ZOOTAXA,Jun-17,10.11646/zootaxa.4801.1.6
2020,"Sroka, Pavel; Staniczek, Arnold H.","Retention of cervical and abdominal gills in the adult of a new fossil stonefly (Insecta, Plecoptera, Petroperlidae) from mid-Cretacous Burmese amber",CRETACEOUS RESEARCH,MAR,10.1016/j.cretres.2019.104277
2020,"Jiang, Zhuoyin; Li, Yingge; Song, Chengjun; Shi, Hongliang; Liu, Ye; Chen, Rui; Kong, Fanli",A new species of the genus Notocupes from mid-Cretaceous Burmese amber (Coleoptera: Archostemata: Ommatidae),CRETACEOUS RESEARCH,APR,10.1016/j.cretres.2019.104335
2020,"Shaw, Josh Jenkins; Wang, Bo; Bai, Ming; Zyla, Dagmara","The Oldest Representative of the Rove Beetle Tribe Pinophilini (Coleoptera: Staphylinidae: Paederinae), from Upper Cretaceous Burmese Amber",INSECTS,MAR,10.3390/insects11030174
2020,"Cao, Huijia; Boudinot, Brendon E.; Wang, Zhen; Miao, Xiaofeng; Shih, Chungkun; Ren, Dong; Gao, Taiping",Two new iron maiden ants from Burmese amber (Hymenoptera: Formicidae: Zigrasimeciini),MYRMECOLOGICAL NEWS,,10.25849/myrmecol.news_030:161
2020,"Li, Longfeng; Rasnitsyn, Alexandr P.; Shih, Chungkun; Li, Daqing; Ren, Dong",Two new rare wasps (Hymenoptera: Apocrita: Panguidae and Burmusculidae) from mid-Cretaceous amber of Northern Myanmar,CRETACEOUS RESEARCH,MAY,10.1016/j.cretres.2019.104220
2020,"Tihelka, Erik; Huang, Diying; Cai, Chenyang",A new genus and species of Micromalthidae from Burmese amber (Coleoptera: Archostemata),EARTH AND ENVIRONMENTAL SCIENCE TRANSACTIONS OF THE ROYAL SOCIETY OF EDINBURGH,MAR,10.1017/S1755691019000185
2020,"Cao, Hui-Jia; Perrichot, Vincent; Shih, Chungkun; Ren, Dong; Gao, Tai-Ping",A revision of Haidomyrmex cerberus Dlussky (Hymenoptera: Formicidae: Sphecomyrminae) from mid-Cretaceous Burmese amber,CRETACEOUS RESEARCH,FEB,10.1016/j.cretres.2019.104226
2020,"Du, Xueyong; Slipinski, Adam; Liu, Zhenhua; Pang, Hong","Description of a new species of Eucinetidae (Coleoptera, Scirtoidea from Cretaceous Burmese amber",ZOOKEYS,Nov-02,10.3897/zookeys.982.39335
2020,"Liu, Zhenhua; Tihelka, Erik; McElrath, Thomas C.; Yamamoto, Shuhei; Slipinski, Adam; Wang, Bo; Ren, Dong; Pang, Hong","New minute clubbed beetles (Coleoptera, Monotomidae, Lenacini) from mid-Cretaceous amber of Northern Myanmar",CRETACEOUS RESEARCH,MAR,10.1016/j.cretres.2019.104255
2020,"Gustafson, Grey T.; Michat, Mariano C.; Balke, Michael",Burmese amber reveals a new stem lineage of whirligig beetle (Coleoptera: Gyrinidae) based on the larval stage,ZOOLOGICAL JOURNAL OF THE LINNEAN SOCIETY,AUG,10.1093/zoolinnean/zlz161
2020,"Kocarek, Petr","A diminutive elcanid from mid-Cretaceous Burmese amber, Ellca nevelka gen. et sp. nov., and the function of metatibial spurs in Elcanidae (Orthoptera)",CRETACEOUS RESEARCH,DEC,10.1016/j.cretres.2020.104574
2020,"Ngo-Muller, Valerie; Garrouste, Romain; Pouillon, Jean-Marc; Nel, Andre",A new species of the long-legged fly genus Microphorites in Burmese amber (Dolichopodidae: Microphorinae),CRETACEOUS RESEARCH,MAR,10.1016/j.cretres.2019.104284
2020,"Burckhardt, Daniel; Poinar, George",The first jumping plant-louse from mid-Cretaceous Burmese amber and its impact on the classification of Mesozoic psylloids (Hemiptera: Sternorrhyncha: Psylloidea s. l.),CRETACEOUS RESEARCH,FEB,10.1016/j.cretres.2019.104240
2020,"Liang, Zulong; Qi, Zhihao; Chen, Jiahui; Jia, Fenglong","Cretodineutus rotundus gen. et sp. nov., the oldest adult whirligig beetle from the Upper Cretaceous of Myanmar (Coleoptera, Gyrinidae, Gyrininae)",CRETACEOUS RESEARCH,FEB,10.1016/j.cretres.2019.104251
2020,"Wriedt, Anna-Louisa; Harvey, Mark S.; Hammel, Joerg U.; Kotthoff, Ulrich; Harms, Danilo",The second chthonioid pseudoscorpion (Pseudoscorpiones: Chthoniidae) from mid-Cretaceous Burmese amber: a new genus with unique morphological features and potential Gondwanan affinities,JOURNAL OF ARACHNOLOGY,DEC,10.1636/JoA-S-20-017
2020,"Shih, Peter J. M.; Li, Longfeng; Li, Daqing; Ren, Dong",Application of geometric morphometric analyses to confirm three new wasps of Evaniidae (Hymenoptera: Evanioidea) from mid-Cretaceous Myanmar amber,CRETACEOUS RESEARCH,MAY,10.1016/j.cretres.2019.104249
2020,"Li, Longfeng; Shih, Peter J. M.; Kopylov, Dmitry S.; Li, Daqing; Ren, Dong",Geometric morphometric analysis of Ichneumonidae (Hymenoptera: Apocrita) with two new Mesozoic taxa from Myanmar and China,JOURNAL OF SYSTEMATIC PALAEONTOLOGY,Jun-02,10.1080/14772019.2019.1697903
2020,"Men, Qiulei; Hu, Zhengkun; Xu, Luyao",The first representative of Espanoderus and one new species of Similinannotanyderus (Diptera: Tanyderidae) from mid-Cretaceous amber of northern Myanmar,CRETACEOUS RESEARCH,JUL,10.1016/j.cretres.2020.104442
2020,"Poinar, George","A mid-Cretaceous pycnidia, Palaeomycus epallelus gen. et sp. nov., in Myanmar amber",HISTORICAL BIOLOGY,Feb-07,10.1080/08912963.2018.1481836
2020,"Li, Ya; Wang, Yong-Dong; Schneider, Harald; Wu, Peng-Cheng","Frullania partita sp. nov. (Frullaniaceae, Porellales), a new leafy liverwort from the mid-Cretaceous of Myanmar",CRETACEOUS RESEARCH,APR,10.1016/j.cretres.2019.104341
2020,"Ngo-Muller, Valerie; Jouault, Corentin; Garrouste, Romain; Nel, Andre",Potential new evidences of bee fly parasitoidism on ground-dwelling insects in mid-Cretaceous Burmese amber (Diptera: Bombyliidae),CRETACEOUS RESEARCH,OCT,10.1016/j.cretres.2020.104524
2020,"Schaedel, Mario; Mueller, Patrick; Haug, Joachim T.",TWO REMARKABLE FOSSIL INSECT LARVAE FROM BURMESE AMBER SUGGEST THE PRESENCE OF A TERMINAL FILUM IN THE DIRECT STEM LINEAGE OF DRAGONFLIES AND DAMSELFLIES (ODONATA),RIVISTA ITALIANA DI PALEONTOLOGIA E STRATIGRAFIA,MAR,
2020,"Ngo-Muller, Valerie; Garrouste, Romain; Pouillon, Jean-Marc; Nel, Andre",A new micropterigid moth from the mid-Cretaceous Burmese amber (Insecta: Lepidoptera),CRETACEOUS RESEARCH,MAY,10.1016/j.cretres.2020.104375
2020,"Jiang, Rixin; Peng, Zhong; Wang, Shuo","The oldest Micropeplus (Coleoptera, Staphylinidae, Micropeplinae) species from mid-Cretaceous Burmese amber",CRETACEOUS RESEARCH,FEB,10.1016/j.cretres.2019.104218
2020,"Jouault, Corentin; Rasnitsyn, Alexandr P.; Perrichot, Vincent",A new myanmarinid wasp (Hymenoptera: Stephanoidea) from mid-Cretaceous Burmese amber,CRETACEOUS RESEARCH,DEC,10.1016/j.cretres.2020.104621
2020,"Beutel, Rolf Georg; Liu, Zhenhua; Fikacek, Martin; Ren, Dong; Pang, Hong; Slipinski, Adam","Burmapseudomorphus planus gen. et sp. nov. - a Late Cretaceous stem group member of the specialized Pseudomorphini (Carabidae, Coleoptera) from northern Myanmar",CRETACEOUS RESEARCH,MAR,10.1016/j.cretres.2019.104274
2020,"Smidova, Lucia",Cryptic bark cockroach (Blattinae: Bubosa poinari gen. et sp. nov.) from mid-Cretaceous amber of northern Myanmar,CRETACEOUS RESEARCH,MAY,10.1016/j.cretres.2020.104383
2020,"Li, Hongyu; Zhuo, De; Wang, Bo; Liu, Xingyue",New dipteromantispids (Insecta: Neuroptera: Dipteromantispidae) from mid-Cretaceous Myanmar amber,CRETACEOUS RESEARCH,DEC,10.1016/j.cretres.2020.104579
2020,"Skibinska, Kornelia; Krzeminski, Wieslaw","Two new species of the genus Dacochile (Diptera, Tanyderidae) from Burmese amber",HISTORICAL BIOLOGY,Mar-15,10.1080/08912963.2018.1494735
2020,"Zhang, Weiting; Deng, Peiting; Wang, Jiajia; Zhang, Pu; Guo, Zhen; Ren, Dong",A new jaw-moth (Lepidoptera: Micropterigidae) from mid-Cretaceous Burmese amber,CRETACEOUS RESEARCH,DEC,10.1016/j.cretres.2020.104609
2020,"Hoernig, Marie; Kiesmuller, Christine; Mueller, Patrick; Haug, Carolin; Haug, Joachim",A new glimpse on trophic interactions of 100-million-year old lacewing larvae,ACTA PALAEONTOLOGICA POLONICA,,10.4202/app.00677.2019
2020,"Jiang, Rixin; Song, Weicai; Yang, Huiyu; Shi, Chao; Wang, Shuo",Discovery of the first Onthophilus species from mid-Cretaceous Burmese amber (Coleoptera: Histeridae),CRETACEOUS RESEARCH,JUL,10.1016/j.cretres.2020.104443
2020,"Yang, Qiang; Shi, Chaofan; Lai, Zehao; Pang, Hong; Ren, Dong",New araripeneurids (Insecta: Neuroptera) from Upper Cretaceous amber of northern Myanmar,CRETACEOUS RESEARCH,APR,10.1016/j.cretres.2019.104350
2020,"Boudinot, B. E.; Dungey, D. R.","dagger Eorhopalosoma lohrmanni, a new species of Rhopalosomatidae from mid-Cretaceous amber of Northern Myanmar (Hymenoptera, Aculeata: Vespoidea)",CRETACEOUS RESEARCH,APR,10.1016/j.cretres.2019.104339
2020,"Sun, Haocheng; Gao, Yunpeng; Zhao, Xiangdong; Wang, Bo; Xiao, Chuantao",A new species of the Meropeidae (Insecta: Mecoptera) from mid-Cretaceous Myanmar amber,CRETACEOUS RESEARCH,DEC,10.1016/j.cretres.2020.104570
2020,"Sevcik, Jan; Krzeminski, Wieslaw; Skibinska, Kornelia",Intriguing and Beautiful:Adamacrocera adamigen. et sp. nov. from the Upper Cretaceous Amber of Myanmar Represents a New Subfamily of Keroplatidae (Diptera: Bibionomorpha),INSECTS,SEP,10.3390/insects11090552
2020,"Melo, Gabriel A. R.; Lucena, Daercio A. A.","dagger Chrysobythidae, a new family of chrysidoid wasps from Cretaceous Burmese amber (Hymenoptera, Aculeata)",HISTORICAL BIOLOGY,Sep-13,10.1080/08912963.2019.1570184
2020,"Jaloszynski, Pawel; Bai, Ming; Wang, Bo","A new species of the extinct mid-Cretaceous genus Scydmobisetia Jaloszyliski & Yamamoto (Coleoptera, Staphylinidae, Scydmaeninae)",ZOOTAXA,Jun-24,10.11646/zootaxa.4802.3.12
2020,"Mao, Yue; Engel, Michael S.; Zhao, Yunyun; Ren, Dong",A new genus of labidurid earwigs in mid-Cretaceous amber from northern Myanmar (Dermaptera: Labiduridae),CRETACEOUS RESEARCH,JUL,10.1016/j.cretres.2020.104447
2020,"Ngo-Muller, Valerie; Garrouste, Romain; Nel, Andre",Small but important: A piece of mid-Cretaceous Burmese amber with a new genus and two new insect species (Odonata: Burmaphlebiidae & 'Psocoptera': Compsocidae),CRETACEOUS RESEARCH,JUN,10.1016/j.cretres.2020.104405
2020,"Sanchez-Garcia, Alba; Penalver, Enrique; Delclos, Xavier; Engel, Michael S.",Early Cretaceous termites in amber from northern Spain (Isoptera),CRETACEOUS RESEARCH,JUN,10.1016/j.cretres.2020.104385
2020,"Su, Yitong; Cai, Chenyang; Huang, Diying","Two new species of the bristle millipede genus Pauropsxenus (diplopoda, Polyxenidae) in mid-Cretaceous Burmese amber",CRETACEOUS RESEARCH,JUL,10.1016/j.cretres.2020.104427
2020,"Haug, Joachim T.; Mueller, Patrick; Haug, Carolin",A 100 million-year-old snake-fly larva with an unusually large antenna,BULLETIN OF GEOSCIENCES,,10.3140/bull.geosci.1757
2020,"Mao, Yue; Engel, Michael S.; Ren, Dong; Gao, Taiping","A new species of Astreptolabis in mid-Cretaceous amber from northern Myanmar, with the discovery of the first male of Astreptolabidinae (Dermaptera)",ZOOKEYS,Feb-12,10.3897/zookeys.911.38845
2020,"Peris, David",Coleoptera in amber from Cretaceous resiniferous forests,CRETACEOUS RESEARCH,SEP,10.1016/j.cretres.2020.104484
2020,"Hsiao, Yun","Taxonomic notes on Eustrophinae from the mid-Cretaceous Burmese amber, with description of a new species (Coleoptera, Tetratomidae)",PALZ,JUN,10.1007/s12542-019-00480-z
2020,"Yang, Ying; Li, Hongyu; Wang, Bo; Zhang, Weiwei; Liu, Xingyue",New beaded lacewings (Neuroptera: Berothidae) from the mid-Cretaceous of Myanmar with specialized cephalic structures,CRETACEOUS RESEARCH,APR,10.1016/j.cretres.2019.104348
2020,"Haug, Gideon T.; Haug, Carolin; Pazinato, Paula G.; Braig, Florian; Perrichot, Vincent; Groehn, Carsten; Mueller, Patrick; Haug, Joachim T.",The decline of silky lacewings and morphological diversity of long-nosed antlion larvae through time,PALAEONTOLOGIA ELECTRONICA,,10.26879/1029
2020,"Poinar, George; Poinar, Greg",The antiquity of floral secretory tissues that provide today's fragrances,HISTORICAL BIOLOGY,Apr-20,10.1080/08912963.2018.1502288
2020,"Guo, Xiangbo; Selden, Paul A.; Shih, Chungkun; Ren, Dong","Two new lagonomegopid spiders (Arachnida: Araneae) from the mid-Cretaceous of Northern Myanmar, with comments on the superfamilial placement of Lagonomegopidae",CRETACEOUS RESEARCH,FEB,10.1016/j.cretres.2019.104257
2020,"Porta, Andres O.; Proud, Daniel N.; Michalik, Peter; Hernandes, Fabio Akashi",Notes on fossil Bdelloidea 1: the first snout mite (Acariformes: Bdellidae: Odontoscirinae) from the Cretaceous amber of Myanmar,SYSTEMATIC AND APPLIED ACAROLOGY,OCT,10.11158/saa.25.10.4
2020,"Qiu (Clyde Qiu), Lu; Liu, Yu-Chao; Wang, Zong-Qing; Che, Yan-Li",The first blattid cockroach (Dictyoptera: Blattodea) in Cretaceous amber and the reconsideration of purported Blattidae,CRETACEOUS RESEARCH,MAY,10.1016/j.cretres.2019.104359
2020,"Shi, Chaofan; Yang, Qiang; Shih, Chungkun; Labandeira, Conrad C.; Pang, Hong; Ren, Dong",Cretaceous mantid lacewings with specialized raptorial forelegs illuminate modification of prey capture (Insecta: Neuroptera),ZOOLOGICAL JOURNAL OF THE LINNEAN SOCIETY,NOV,
2020,"Olmi, Massimo; Perkovsky, Evgeny E.; Martynova, Kateryna, V; Contarini, Mario; Bueckle, Christoph; Guglielmino, Adalgisa","An important intermediate step in the evolution of pincer wasps: an extraordinary new type of chela from mid-Cretaceous Burmese amber (Hymenoptera, Dryinidae)",CRETACEOUS RESEARCH,JUL,10.1016/j.cretres.2020.104420
2020,"Fedotova, Z. A.; Perkovsky, E. E.","Mesozoic Gall Midges (Diptera, Cecidomyioidea) with a Description of a New Genus and Species from the Santonian Amber of Taimyr (Ugolyak)",PALEONTOLOGICAL JOURNAL,DEC,10.1134/S0031030120120023
2020,"Gilka, Wojciech; Zakrzewska, Marta; Makarchenko, Eugenyi A.","Burmochlus gen. nov., the first Cretaceous member of the Archaeochlus cluster (Diptera: Chironomidae: Podonominae)",CRETACEOUS RESEARCH,FEB,10.1016/j.cretres.2019.104261
2020,"Wang, Shuo; Chang, Wei-Ling; Zhang, Qiyue; Ma, Menglu; Yang, Feng; Zhuo, De; Hans, Harn I-Chen; Yang, Rui; Wu, Ping; Habib, Michael; Juan, Wen-Tau; Chuong, Cheng-Ming",Variations of Mesozoic feathers: Insights from the morphogenesis of extant feather rachises,EVOLUTION,SEP,10.1111/evo.14051
2020,"Maheu, Aude; Nel, Andre",The oldest representative of the bombyliid bee fly in the earliest Eocene French amber,ACTA PALAEONTOLOGICA POLONICA,,10.4202/app.00657.2019
2020,"Mayoral, Eduardo; Santos, Ana; Vintaned, J. A. Gamez; Wisshak, Max; Neumann, Christian; Uchman, Alfred; Nel, Andre","Bivalve bioerosion in Cretaceous-Neogene amber around the globe, with implications for the ichnogenera Teredolites and Apectoichnus",PALAEOGEOGRAPHY PALAEOCLIMATOLOGY PALAEOECOLOGY,Jan-15,10.1016/j.palaeo.2019.109410
2020,"Jaloszynski, Pawel; Luo, Xiao-Zhu; Hammel, Joerg U.; Yamamoto, Shuhei; Beutel, Rolf G.",The mid-Cretaceous Lepiceratus Gen. nov. and the Evolution of the Relict Beetle Family Lepiceridae (Insecta: Coleoptera: Myxophaga),JOURNAL OF SYSTEMATIC PALAEONTOLOGY,Jul-02,10.1080/14772019.2020.1747561
2020,"Balashov, Igor A.; Perkovsky, Evgeny E.; Vasilenko, Dmitry V.","A mid-Cretaceous land snail Euthema truncatellina sp. nov. (Caenogastropoda, Cyclophoroidea, Diplommatinidae) from Burmese amber",ZOOTAXA,Sep-30,10.11646/zootaxa.4858.2.11
2020,"Chen, Jun; Szwedo, Jacek; Wang, Bo; Zheng, Yan; Jiang, Hui; Jiang, Tian; Wang, Xiaoli; Zhang, Haichun","A new bizarre cicadomorph family in mid Cretaceous Burmese amber (Hemiptera, Clypeata) (vol 97, pg 1, 2019)",CRETACEOUS RESEARCH,FEB,10.1016/j.cretres.2019.104263
2020,"Haug, Joachim T.; Pazinato, Paula G.; Haug, Gideon T.; Haug, Carolin",YET ANOTHER UNUSUAL NEW TYPE OF LACEWING LARVA PRESERVED IN 100-MILLION-YEAR OLD AMBER FROM MYANMAR,RIVISTA ITALIANA DI PALEONTOLOGIA E STRATIGRAFIA,NOV,
2020,"Peris, David; Rust, Jes",Cretaceous beetles (Insecta: Coleoptera) in amber: the palaeoecology of this most diverse group of insects,ZOOLOGICAL JOURNAL OF THE LINNEAN SOCIETY,AUG,10.1093/zoolinnean/zlz118
2020,"Li, Xin-Ran; Huang, Diying",A new mid-Cretaceous cockroach of stem Nocticolidae and reestimating the age of Corydioidea (Dictyoptera: Blattodea),CRETACEOUS RESEARCH,FEB,10.1016/j.cretres.2019.104202
2020,"Martins, Andre L.; Melo, Gabriel A. R.","Revision of the fossil species of Thaumatodryinus Perkins from Dominican amber, with a new combination and description of a new species (Hymenoptera, Dryinidae)",JOURNAL OF HYMENOPTERA RESEARCH,Oct-30,10.3897/jhr.79.57686
2020,"Sinclair, Bradley J.; Grimaldi, David A.",Cretaceous diversity of the relict genus Alavesia Waters and Arillo (Diptera: Empidoidea: Atelestidae),AMERICAN MUSEUM NOVITATES,Oct-06,
2020,"Skibinska, Kornelia; Szadziewski, Ryszard; Kania, Iwona; Krzeminski, Wieslaw",A new species of Bruchomyiinae (Diptera: Psychodidae) from Baltic amber,ZOOTAXA,Aug-25,10.11646/zootaxa.4838.1.10
2020,"Poinar, George",Vertebrate pathogens vectored by ancient hematophagous arthropods,HISTORICAL BIOLOGY,Aug-08,10.1080/08912963.2018.1545018
2020,"Lu, Xiumei; Zhang, Weiwei; Wang, Bo; Engel, Michael S.; Liu, Xingyue",A new and diverse paleofauna of the extinct snakefly family Baissopteridae from the mid-Cretaceous of Myanmar (Raphidioptera),ORGANISMS DIVERSITY & EVOLUTION,DEC,10.1007/s13127-020-00455-y
2020,"Yang, Qiang; Chen, Zhao-Yang; Jia, Feng-Long","Ambarticus myanmaricus gen. et sp. nov., the first diving beetle from mid-Cretaceous amber of northern Myanmar (Coleoptera, Dytiscidae, Dytiscinae) (vol 102, pg 1, 2019)",CRETACEOUS RESEARCH,FEB,10.1016/j.cretres.2019.07.018
2020,"Jaloszynski, Pawel","Notes on mid-Cretaceous dagger Pangusyndicus and its relatives, with description of dagger Loeblitoides gen. nov. and a dagger Nuegua-like new species (Coleoptera: Staphylinidae: Scydmaeninae)",CRETACEOUS RESEARCH,MAR,10.1016/j.cretres.2019.104273
2020,"Shi, Chaofan; Yang, Qiang; Winterton, Shaun L.; Pang, Hong; Ren, Dong","STEM-GROUP FOSSILS OF SYMPHRASINAE SHED LIGHT ON EARLY EVOLUTION OF MANTISPIDAE (INSECTA, NEUROPTERA)",PAPERS IN PALAEONTOLOGY,FEB,10.1002/spp2.1265
2020,"Haug, Joachim T.; Azar, Dany; Ross, Andrew; Szwedo, Jacek; Wang, Bo; Arillo, Antonio; Baranov, Viktor; Bechteler, Julia; Beutel, Rolf; Blagoderov, Vladimir; Delclos, Xavier; Dunlop, Jason; Feldberg, Kathrin; Feldmann, Rodney; Foth, Christia; Fraaije, Rene H. B.; Gehler, Alexander; Harms, Danilo; Hedenas, Lars; Hyzny, Matus; Jagt, John W. M.; Jagt-Yazykova, Elena A.; Jarzembowski, Ed; Kerp, Hans; Khine, Phyo Kay; Kirejtshuk, Alexander G.; Klug, Christian; Kopylov, Dmitry S.; Kotthoff, Ulrich; Kriwet, Juergen; McKellar, Ryan C.; Nel, Andre; Neumann, Christian; Nuetzel, Alexander; Penalver, Enrique; Perrichot, Vincent; Pint, Anna; Ragazzi, Eugenio; Regalado, Ledis; Reich, Mike; Rikkinen, Jouko; Sadowski, Eva-Maria; Schmidt, Alexander R.; Schneider, Harald; Schram, Frederick R.; Schweigert, Guenter; Selden, Paul; Seyfullah, Leyla J.; Solorzano-Kraemer, Monica M.; Stilwell, Jeffrey D.; van Bakel, Barry W. M.; Vega, Francisco J.; Wang, Yongdong; Xing, Lida; Haug, Carolin","Comment on the letter of the Society of Vertebrate Paleontology (SVP) dated April 21, 2020 regarding Fossils from conflict zones and reproducibility of fossil-based scientific data: Myanmar amber",PALZ,SEP,10.1007/s12542-020-00524-9
2020,"Wang, He; Matzke-Karasz, Renate; Horne, David J.; Zhao, Xiangdong; Cao, Meizhen; Zhang, Haichun; Wang, Bo",Exceptional preservation of reproductive organs and giant sperm in Cretaceous ostracods,PROCEEDINGS OF THE ROYAL SOCIETY B-BIOLOGICAL SCIENCES,Sep-30,10.1098/rspb.2020.1661
2020,"Jaloszynski, Pawel","Siamitoides gen. n., a new Oriental ant-like stone beetle genus (Coleoptera: Staphylinidae: Scydmaeninae)",ZOOTAXA,Oct-27,10.11646/zootaxa.4868.2.5
2020,"Kment, Petr; Carapezza, Attilio; Jindra, Zdenek",Taxonomic catalogue of the family Ochteridae with description of Ochterus papaceki sp. nov. from Socotra Island and Tanzania (Hemiptera: Heteroptera),ACTA ENTOMOLOGICA MUSEI NATIONALIS PRAGAE,,10.37520/aemnp.2020.003
2020,"Lu, Xiumei; Wang, Bo; Zhang, Weiwei; Ohl, Michael; Engel, Michael S.; Liu, Xingyue",Cretaceous diversity and disparity in a lacewing lineage of predators (Neuroptera: Mantispidae),PROCEEDINGS OF THE ROYAL SOCIETY B-BIOLOGICAL SCIENCES,Jun-10,10.1098/rspb.2020.0629
2020,"Zhou, Yu-Lingzi; Caterino, Michael S.; Ren, Dong; Slipinski, Adam","Phylogeny and evolution of Mesozoic and extant lineages of Histeridae (Coleoptera), with discovery of a new subfamily Antigracilinae from the Lower Cretaceous",CLADISTICS,OCT,10.1111/cla.12418
2020,"Demers-Potvin, Alexandre, V; Szwedo, Jacek; Paragnan, Cassia P.; Larsson, Hans C. E.","First North American occurrence of hairy cicadas discovered in the Cenomanian (Late Cretaceous) of Labrador, Canada",ACTA PALAEONTOLOGICA POLONICA,,10.4202/app.00669.2019
2020,"Escalona, Hermes E.; Lawrence, John F.; Slipinski, Adam",The extant species of the genus Omma Newman and description of Beutelius gen. nov. (Coleoptera: Archostemata: Ominatidae: Ommatinae),ZOOTAXA,Jan-24,10.11646/zootaxa.4728.4.11
2020,"Aspoeck, Ulrike; Aspoeck, Horst; Johnson, James B.; Donga, Trust Kasambala; Duelli, Peter","Rhachiella malawica gen. nov., spec. nov. from Malawi-another beauty of the Afrotropics (Neuroptera: Rhachiberothidae)",ZOOTAXA,Jul-01,10.11646/zootaxa.4808.1.7
2020,"Parslow, Ben A.; Jennings, John T.; Schwarz, Michael P.; Stevens, Mark I.",Phylogeny and divergence estimates for the gasteruptiid wasps (Hymenoptera : Evanioidea) reveals a correlation with hosts,INVERTEBRATE SYSTEMATICS,Apr-27,10.1071/IS19060
2020,"Kim, Tae-Kyu; Song, Jeong-Hun; Thayer, Margaret K.; Ahn, Kee-Jeong",Molecular phylogeny of Omaliinae (Coleoptera: Staphylinidae) and its implications for evolution of atypically long elytra in rove beetles,SYSTEMATIC ENTOMOLOGY,JAN,10.1111/syen.12372
2020,"Chen, Jun; Wang, Bo; Zheng, Yan; Jiang, Hui; Jiang, Tian; Bozdogan, Hakan; Zhang, Junqiang; An, Baizheng; Wang, Xiaoli; Zhang, Haichun","Taxonomic review and phylogenetic inference elucidate the evolutionary history of Mesozoic Procercopidae, with new data from the Cretaceous Jehol Biota of NE China (Hemiptera, Cicadomorpha)",JOURNAL OF ZOOLOGICAL SYSTEMATICS AND EVOLUTIONARY RESEARCH,FEB,10.1111/jzs.12349
2020,"Fikacek, Martin; Beutel, Rolf G.; Cai, Chenyang; Lawrence, John F.; Newton, Alfred F.; Solodovnikov, Alexey; Slipinski, Adam; Thayer, Margaret K.; Yamamoto, Shuhei",Reliable placement of beetle fossils via phylogenetic analyses - Triassic Leehermania as a case study (Staphylinidae or Myxophaga?),SYSTEMATIC ENTOMOLOGY,JAN,10.1111/syen.12386
2020,"Kopylov, D. S.; Rasnitsyn, A. P.; Aristov, D. S.; Bashkuev, A. S.; Bazhenova, N. V.; Dmitriev, V. Yu.; Gorochov, A. V.; Ignatov, M. S.; Ivanov, V. D.; Khramov, A. V.; Legalov, A. A.; Lukashevich, E. D.; Mamontov, Yu. S.; Melnitsky, S. I.; Oglaza, B.; Ponomarenko, A. G.; Prokin, A. A.; Ryzhkova, O. V.; Shmakov, A. S.; Sinitshenkova, N. D.; Solodovnikov, A. Yu.; Strelnikova, O. D.; Sukacheva, I. D.; Uliakhin, A. V.; Vasilenko, D. V.; Wegierek, P.; Yan, E. V.; Zmarzly, M.",The Khasurty Fossil Insect Lagerstatte,PALEONTOLOGICAL JOURNAL,DEC,10.1134/S0031030120110027